,Date,Adj Close,daily_return
0,2020-01-02,168.80999755859375,
1,2020-01-03,166.82000732421875,-0.011788343481755392
2,2020-01-06,179.0399932861328,0.07325252023376438
3,2020-01-07,180.3500061035156,0.007316872578793987
4,2020-01-08,178.69000244140625,-0.009204344917829177
5,2020-01-09,183.6000061035156,0.027477774889612894
6,2020-01-10,189.05999755859372,0.02973851456192067
7,2020-01-13,168.10000610351562,-0.11086423212600616
8,2020-01-14,172.72999572753906,0.027543066364746682
9,2020-01-15,177.9199981689453,0.030046908873852196
10,2020-01-16,181.44000244140625,0.01978419687886057
11,2020-01-17,181.27999877929688,-0.0008818543868849282
12,2020-01-21,189.91000366210935,0.04760594075973734
13,2020-01-22,184.4199981689453,-0.02890845867673164
14,2020-01-23,184.4600067138672,0.00021694255134541152
15,2020-01-24,182.97999572753903,-0.008023478978963383
16,2020-01-27,181.4499969482422,-0.008361563094443691
17,2020-01-28,187.00999450683597,0.03064203721193648
18,2020-01-29,188.8500061035156,0.009839108340342628
19,2020-01-30,186.8500061035156,-0.010590415331539482
20,2020-01-31,186.2899932861328,-0.002997124961679365
21,2020-02-03,185.9499969482422,-0.0018250917931399435
22,2020-02-04,190.8999938964844,0.026620043180855868
23,2020-02-05,190.72999572753903,-0.0008905090328999998
24,2020-02-06,196.00999450683597,0.027683106472877528
25,2020-02-07,186.91000366210935,-0.04642615733765176
26,2020-02-10,174.0800018310547,-0.06864267069540253
27,2020-02-11,175.82000732421875,0.009995435862028224
28,2020-02-12,166.94000244140625,-0.050506225189932086
29,2020-02-13,164.8000030517578,-0.012818973034336434
30,2020-02-14,167.22000122070312,0.014684454636722855
31,2020-02-18,169.0,0.010644652352008732
32,2020-02-19,167.89999389648438,-0.006508911855122035
33,2020-02-20,168.0800018310547,0.0010721140030611753
34,2020-02-21,166.74000549316406,-0.007972372223303048
35,2020-02-24,165.2899932861328,-0.00869624660706092
36,2020-02-25,158.8000030517578,-0.03926426582364373
37,2020-02-26,154.08999633789062,-0.029659991330932445
38,2020-02-27,153.97000122070312,-0.0007787339868863263
39,2020-02-28,150.25999450683594,-0.024095646453553
40,2020-03-02,155.10000610351562,0.03221091290842226
41,2020-03-03,149.17999267578125,-0.038169008347964106
42,2020-03-04,154.22999572753906,0.03385174486992493
43,2020-03-05,154.50999450683594,0.0018154625368176358
44,2020-03-06,157.0800018310547,0.01663327561703487
45,2020-03-09,156.3699951171875,-0.004520032503124272
46,2020-03-10,164.72999572753906,0.053462946034412706
47,2020-03-11,151.1300048828125,-0.08255928608910268
48,2020-03-12,136.97000122070312,-0.09369419178600014
49,2020-03-13,142.82000732421875,0.04271012668014329
50,2020-03-16,142.44000244140625,-0.0026607258319896188
51,2020-03-17,145.25,0.01972758712742695
52,2020-03-18,146.5500030517578,0.008950107068900648
53,2020-03-19,140.50999450683594,-0.041214659973693
54,2020-03-20,130.50999450683594,-0.07116931457508169
55,2020-03-23,132.33999633789062,0.014021928649754267
56,2020-03-24,143.6699981689453,0.0856128316803555
57,2020-03-25,146.88999938964844,0.022412481810688334
58,2020-03-26,149.1699981689453,0.015521810802441527
59,2020-03-27,145.24000549316406,-0.026345731206152245
60,2020-03-30,148.99000549316406,0.025819332540417017
61,2020-03-31,145.16000366210938,-0.025706434591885485
62,2020-04-01,144.47999572753906,-0.004684540626997857
63,2020-04-02,143.27999877929688,-0.008305626963785007
64,2020-04-03,141.39999389648438,-0.01312119555297031
65,2020-04-06,150.25999450683594,0.0626591300763264
66,2020-04-07,152.77999877929688,0.016770959434224464
67,2020-04-08,156.27000427246094,0.022843340234644627
68,2020-04-09,160.0800018310547,0.024380862957877225
69,2020-04-13,156.38999938964844,-0.023050989500241315
70,2020-04-14,161.35000610351562,0.03171562589184007
71,2020-04-15,159.5399932861328,-0.011217928409755218
72,2020-04-16,160.1999969482422,0.004136916697280224
73,2020-04-17,166.02000427246094,0.03632963442626713
74,2020-04-20,166.1999969482422,0.0010841625776967234
75,2020-04-21,164.5,-0.01022862201839625
76,2020-04-22,166.72999572753906,0.013556205030632595
77,2020-04-23,170.75999450683594,0.024170808388206844
78,2020-04-24,168.52000427246094,-0.013117769421603809
79,2020-04-27,163.47000122070312,-0.029966786872335005
80,2020-04-28,164.39999389648438,0.005689072422074837
81,2020-04-29,169.27999877929688,0.0296837290996812
82,2020-04-30,191.25,0.12978497979165904
83,2020-05-01,183.4900054931641,-0.04057513467626617
84,2020-05-04,181.0,-0.013570251341329054
85,2020-05-05,186.22000122070312,0.02883978574974111
86,2020-05-06,186.91000366210935,0.003705307898631327
87,2020-05-07,188.3300018310547,0.007597229367735547
88,2020-05-08,187.07000732421875,-0.006690354667793441
89,2020-05-11,194.6100006103516,0.04030573042671115
90,2020-05-12,191.2899932861328,-0.01705979812859726
91,2020-05-13,185.6000061035156,-0.02974534676315288
92,2020-05-14,184.2700042724609,-0.007165957905803655
93,2020-05-15,184.9199981689453,0.0035273993673072823
94,2020-05-18,191.0500030517578,0.033149496774340426
95,2020-05-19,190.7899932861328,-0.0013609513816891239
96,2020-05-20,196.3600006103516,0.029194441638588975
97,2020-05-21,196.32000732421875,-0.00020367328380799243
98,2020-05-22,206.16000366210935,0.05012222886503892
99,2020-05-26,209.0800018310547,0.01416374717246871
100,2020-05-27,207.75999450683597,-0.006313407847037156
101,2020-05-28,217.3600006103516,0.046207192709565525
102,2020-05-29,223.8999938964844,0.03008830174718602
103,2020-06-01,226.13999938964844,0.010004491086317957
104,2020-06-02,230.66000366210935,0.01998763723649244
105,2020-06-03,238.0399932861328,0.03199509887650187
106,2020-06-04,236.0200042724609,-0.008485922830806847
107,2020-06-05,249.80999755859372,0.05842722242396747
108,2020-06-08,253.3000030517578,0.013970639795332751
109,2020-06-09,245.6199951171875,-0.030319809877779713
110,2020-06-10,250.8500061035156,0.02129309946379898
111,2020-06-11,235.6000061035156,-0.06079330129139782
112,2020-06-12,241.67999267578125,0.025806393950576823
113,2020-06-15,246.3300018310547,0.01924035624045861
114,2020-06-16,249.13999938964844,0.01140745153942313
115,2020-06-17,254.72999572753903,0.022437169268624713
116,2020-06-18,253.3600006103516,-0.005378224552136324
117,2020-06-19,257.0899963378906,0.014722117613488184
118,2020-06-22,254.66000366210935,-0.009451914545082318
119,2020-06-23,252.5800018310547,-0.008167760155279313
120,2020-06-24,241.66000366210935,-0.043233819343502455
121,2020-06-25,241.75,0.0003724089072534298
122,2020-06-26,239.2700042724609,-0.010258513867793528
123,2020-06-29,240.22000122070312,0.003970397171725981
124,2020-06-30,241.55999755859372,0.0055782046918710915
125,2020-07-01,255.22000122070312,0.056549113264483974
126,2020-07-02,263.8399963378906,0.033774763247232054
127,2020-07-06,266.2099914550781,0.008982698416021506
128,2020-07-07,264.5899963378906,-0.006085403137323198
129,2020-07-08,265.6400146484375,0.003968473204126521
130,2020-07-09,265.67999267578125,0.00015049700775193742
131,2020-07-10,264.510009765625,-0.004403729834425385
132,2020-07-13,264.54998779296875,0.00015113994127924357
133,2020-07-14,264.4100036621094,-0.0005291405682049666
134,2020-07-15,276.6400146484375,0.04625396474014232
135,2020-07-16,273.0400085449219,-0.013013323860941117
136,2020-07-17,284.54998779296875,0.04215491828243634
137,2020-07-20,290.7900085449219,0.0219294360205462
138,2020-07-21,298.57000732421875,0.026754697722342735
139,2020-07-22,297.2699890136719,-0.004354149039274335
140,2020-07-23,294.57000732421875,-0.00908259087441532
141,2020-07-24,292.94000244140625,-0.0055335059316423685
142,2020-07-27,298.6099853515625,0.019355440919306854
143,2020-07-28,294.8900146484375,-0.012457623273198215
144,2020-07-29,299.1000061035156,0.014276480199226782
145,2020-07-30,298.9100036621094,-0.0006352472000301645
146,2020-07-31,299.94000244140625,0.003445849140804258
147,2020-08-03,308.3500061035156,0.028038953102803577
148,2020-08-04,305.3500061035156,-0.009729203634239236
149,2020-08-05,317.0,0.03815291849882896
150,2020-08-06,314.9800109863281,-0.006372205090447558
151,2020-08-07,310.82000732421875,-0.01320719892377531
152,2020-08-10,300.0199890136719,-0.03474685688196799
153,2020-08-11,294.8699951171875,-0.01716550258339522
154,2020-08-12,302.3399963378906,0.025333202239632424
155,2020-08-13,308.3699951171875,0.019944429623389492
156,2020-08-14,307.3500061035156,-0.0033076791835219277
157,2020-08-17,309.54998779296875,0.007157903516397335
158,2020-08-18,313.20001220703125,0.011791389300598754
159,2020-08-19,314.3500061035156,0.0036717555927940904
160,2020-08-20,310.010009765625,-0.013806254982102528
161,2020-08-21,307.57000732421875,-0.007870721475254805
162,2020-08-24,304.95001220703125,-0.008518369980157647
163,2020-08-25,311.1199951171875,0.020232768201915885
164,2020-08-26,306.1400146484375,-0.016006622997259412
165,2020-08-27,311.1000061035156,0.016201709079990856
166,2020-08-28,303.0400085449219,-0.02590805978933941
167,2020-08-31,307.6199951171875,0.015113471631211128
168,2020-09-01,307.3299865722656,-0.0009427493320497415
169,2020-09-02,312.7300109863281,0.01757076969380833
170,2020-09-03,294.010009765625,-0.059859944882365346
171,2020-09-04,275.8900146484375,-0.06163053812906627
172,2020-09-08,268.19000244140625,-0.027909716909628846
173,2020-09-09,277.92999267578125,0.03631749933147854
174,2020-09-10,272.0199890136719,-0.021264360874515886
175,2020-09-11,269.7699890136719,-0.008271450962697102
176,2020-09-14,275.70001220703125,0.02198177497445375
177,2020-09-15,279.1600036621094,0.01254984150120353
178,2020-09-16,274.4100036621094,-0.01701533148620149
179,2020-09-17,276.1400146484375,0.006304474921615233
180,2020-09-18,265.07000732421875,-0.04008838537331261
181,2020-09-21,265.8599853515625,0.002980261838441356
182,2020-09-22,268.989990234375,0.011773132683632337
183,2020-09-23,260.1099853515625,-0.03301239899326813
184,2020-09-24,262.4700012207031,0.00907314598457587
185,2020-09-25,266.44000244140625,0.015125542737224551
186,2020-09-28,273.54998779296875,0.026685127182154655
187,2020-09-29,272.4599914550781,-0.003984633107406932
188,2020-09-30,277.0599975585937,0.016883235145641606
189,2020-10-01,260.45001220703125,-0.0599508608168875
190,2020-10-02,261.989990234375,0.005912758514749594
191,2020-10-05,270.69000244140625,0.0332074221585652
192,2020-10-06,264.82000732421875,-0.021685304459879817
193,2020-10-07,268.5400085449219,0.014047281617014518
194,2020-10-08,271.20001220703125,0.009905427785314114
195,2020-10-09,273.5599975585937,0.008702010491654644
196,2020-10-12,277.8500061035156,0.015682148644569516
197,2020-10-13,276.95001220703125,-0.0032391357808683185
198,2020-10-14,280.8399963378906,0.0140457987340743
199,2020-10-15,283.57000732421875,0.009720876733823713
200,2020-10-16,286.4800109863281,0.01026202908258278
201,2020-10-19,281.4700012207031,-0.01748816522442853
202,2020-10-20,277.5299987792969,-0.01399794800269627
203,2020-10-21,272.6000061035156,-0.017763819037457607
204,2020-10-22,278.5,0.02164341072774567
205,2020-10-23,281.4200134277344,0.010484787891326341
206,2020-10-26,288.32000732421875,0.024518490396050696
207,2020-10-27,290.510009765625,0.007595735244774637
208,2020-10-28,283.0,-0.02585112220981256
209,2020-10-29,254.6100006103516,-0.10031801904469406
210,2020-10-30,251.8800048828125,-0.010722264329738551
211,2020-11-02,254.8500061035156,0.011791333822170236
212,2020-11-03,260.79998779296875,0.023346994494622075
213,2020-11-04,266.44000244140625,0.021625824050707898
214,2020-11-05,272.3999938964844,0.02236898138592691
215,2020-11-06,272.2099914550781,-0.0006975126492787531
216,2020-11-09,279.6099853515625,0.027184872446923247
217,2020-11-10,268.8399963378906,-0.03851789842244158
218,2020-11-11,269.2799987792969,0.0016366703146850625
219,2020-11-12,268.2900085449219,-0.0036764343392113874
220,2020-11-13,272.1000061035156,0.014201041549245064
221,2020-11-16,272.75,0.002388805152165663
222,2020-11-17,269.92999267578125,-0.01033916525836387
223,2020-11-18,266.2099914550781,-0.013781355616792501
224,2020-11-19,270.6099853515625,0.016528282324921095
225,2020-11-20,268.2099914550781,-0.008868829778644116
226,2020-11-23,266.42999267578125,-0.00663658639128295
227,2020-11-24,265.6700134277344,-0.0028524538112782993
228,2020-11-25,263.82000732421875,-0.006963548801185437
229,2020-11-27,271.8999938964844,0.030626890864785095
230,2020-11-30,274.1000061035156,0.008091255080604487
231,2020-12-01,268.2099914550781,-0.02148856080730288
232,2020-12-02,265.25,-0.011036096899372572
233,2020-12-03,266.8399963378906,0.0059943311513313
234,2020-12-04,272.6099853515625,0.02162340388569617
235,2020-12-07,271.8800048828125,-0.0026777466269571892
236,2020-12-08,273.6400146484375,0.006473479969163698
237,2020-12-09,266.1499938964844,-0.027371803650778292
238,2020-12-10,267.92999267578125,0.006687953485316145
239,2020-12-11,258.45001220703125,-0.0353823040641128
240,2020-12-14,267.6199951171875,0.035480682828564314
241,2020-12-15,275.3599853515625,0.02892156929823475
242,2020-12-16,274.1400146484375,-0.004430457466677362
243,2020-12-17,281.989990234375,0.02863491342555169
244,2020-12-18,293.3900146484375,0.04042705347302378
245,2020-12-21,295.8099975585937,0.008248347896420372
246,2020-12-22,302.3299865722656,0.022041138120696857
247,2020-12-23,304.04998779296875,0.005689151910480472
248,2020-12-24,303.4100036621094,-0.002104864846418475
249,2020-12-28,312.9100036621094,0.03131076723027104
250,2020-12-29,320.92999267578125,0.025630337540541337
251,2020-12-30,323.9200134277344,0.009316738292434401
252,2020-12-31,324.20001220703125,0.0008644071613048698
253,2021-01-04,316.7300109863281,-0.023041335408503505
254,2021-01-05,322.6000061035156,0.018533119418989497
255,2021-01-06,321.6099853515625,-0.0030688801401802523
256,2021-01-07,323.5599975585937,0.006063282534277015
257,2021-01-08,324.0599975585937,0.0015453084552254914
258,2021-01-11,324.5899963378906,0.001635495844256818
259,2021-01-12,324.6700134277344,0.00024651742427850287
260,2021-01-13,323.7099914550781,-0.002956916046913949
261,2021-01-14,318.3099975585937,-0.016681579311813688
262,2021-01-15,329.69000244140625,0.035751327228475516
263,2021-01-19,336.29998779296875,0.020049092488745535
264,2021-01-20,347.8699951171875,0.034403829153099474
265,2021-01-21,348.5599975585937,0.0019835066291755687
266,2021-01-22,347.8999938964844,-0.0018935152247308018
267,2021-01-25,348.32000732421875,0.0012072820784796434
268,2021-01-26,340.8900146484375,-0.021330938560946255
269,2021-01-27,328.6000061035156,-0.03605270913434255
270,2021-01-28,355.1300048828125,0.08073645248484684
271,2021-01-29,348.25,-0.019373200766527154
272,2021-02-01,341.8599853515625,-0.018348929356604482
273,2021-02-02,347.8399963378906,0.017492573692643232
274,2021-02-03,326.2300109863281,-0.062126223490902466
275,2021-02-04,324.7799987792969,-0.0044447541863094076
276,2021-02-05,327.8500061035156,0.009452575083926051
277,2021-02-08,325.8599853515625,-0.006069912200412753
278,2021-02-09,324.4800109863281,-0.004234869045812939
279,2021-02-10,324.510009765625,9.245185614270568e-05
280,2021-02-11,322.92999267578125,-0.004868931750317662
281,2021-02-12,328.3599853515625,0.01681476728373421
282,2021-02-16,322.7799987792969,-0.01699350353634399
283,2021-02-17,316.29998779296875,-0.020075627395856332
284,2021-02-18,322.0799865722656,0.018273787550950216
285,2021-02-19,331.9700012207031,0.030706703492172638
286,2021-02-22,322.75,-0.02777359757447906
287,2021-02-23,321.69000244140625,-0.003284268190840489
288,2021-02-24,323.7799987792969,0.006496926612667542
289,2021-02-25,320.4700012207031,-0.010222983417978226
290,2021-02-26,324.54998779296875,0.012731258953176727
291,2021-03-01,324.260009765625,-0.000893477240026086
292,2021-03-02,325.3099975585937,0.003238104488208826
293,2021-03-03,307.6000061035156,-0.05444035408683745
294,2021-03-04,295.6300048828125,-0.038914177448601595
295,2021-03-05,301.2200012207031,0.018908758399224457
296,2021-03-08,285.9200134277344,-0.050793399279480456
297,2021-03-09,296.79998779296875,0.03805251068227267
298,2021-03-10,296.2799987792969,-0.0017519846194690158
299,2021-03-11,304.3699951171875,0.027305239541049797
300,2021-03-12,303.54998779296875,-0.002694113537384135
301,2021-03-15,307.17999267578125,0.011958507754209702
302,2021-03-16,308.69000244140625,0.004915716523304914
303,2021-03-17,304.6600036621094,-0.013055164558048227
304,2021-03-18,298.8599853515625,-0.019037675575490187
305,2021-03-19,299.8099975585937,0.003178786902213293
306,2021-03-22,306.1600036621094,0.021180101248206906
307,2021-03-23,298.6199951171875,-0.024627673290869567
308,2021-03-24,294.2099914550781,-0.014767944994369064
309,2021-03-25,294.1400146484375,-0.0002378464656980217
310,2021-03-26,301.3999938964844,0.02468205237809684
311,2021-03-29,305.7699890136719,0.014498988738163021
312,2021-03-30,309.8800048828125,0.013441528000829539
313,2021-03-31,318.7300109863281,0.02855946161115641
314,2021-04-01,315.3399963378906,-0.010636007064245057
315,2021-04-05,321.5,0.019534482570072953
316,2021-04-06,323.6199951171875,0.006594075014580092
317,2021-04-07,320.6199951171875,-0.009270131775737989
318,2021-04-08,329.75,0.028476093262603364
319,2021-04-09,333.8099975585937,0.012312350443043796
320,2021-04-12,333.1099853515625,-0.0020970378722953154
321,2021-04-13,329.9700012207031,-0.00942626840665084
322,2021-04-14,330.6000061035156,0.0019092792692725347
323,2021-04-15,337.5899963378906,0.021143345751138076
324,2021-04-16,330.5299987792969,-0.02091293472904765
325,2021-04-19,329.4200134277344,-0.0033581985165094252
326,2021-04-20,330.1000061035156,0.002064211790612447
327,2021-04-21,342.6400146484375,0.0379885135203224
328,2021-04-22,343.3999938964844,0.0022180107855371833
329,2021-04-23,351.0299987792969,0.022219001218481527
330,2021-04-26,348.20001220703125,-0.008061950779440163
331,2021-04-27,340.6300048828125,-0.021740399364827745
332,2021-04-28,351.1700134277344,0.030942689703885584
333,2021-04-29,322.94000244140625,-0.08038844407806323
334,2021-04-30,320.7300109863281,-0.00684334996708591
335,2021-05-03,308.6400146484375,-0.03769524498412469
336,2021-05-04,305.0,-0.011793722381019611
337,2021-05-05,300.7900085449219,-0.013803250672387302
338,2021-05-06,295.7200012207031,-0.016855637422083958
339,2021-05-07,296.8099975585937,0.0036859067137533508
340,2021-05-10,282.7200012207031,-0.04747143443208657
341,2021-05-11,280.29998779296875,-0.00855975317376012
342,2021-05-12,272.25,-0.028719187097912102
343,2021-05-13,262.7099914550781,-0.03504135370035588
344,2021-05-14,268.5599975585937,0.022267923922931088
345,2021-05-17,267.95001220703125,-0.0022713187261976797
346,2021-05-18,272.9700012207031,0.018734796734374504
347,2021-05-19,273.9800109863281,0.00370007605637368
348,2021-05-20,276.3900146484375,0.008796275514528773
349,2021-05-21,280.0,0.013061200333718048
350,2021-05-24,279.5799865722656,-0.0015000479561941837
351,2021-05-25,283.8800048828125,0.015380279408645725
352,2021-05-26,282.2699890136719,-0.005671466258446944
353,2021-05-27,285.8500061035156,0.01268295330422231
354,2021-05-28,284.5799865722656,-0.004442957859479901
355,2021-06-01,279.70001220703125,-0.017147988598963382
356,2021-06-02,280.2799987792969,0.0020736022415197564
357,2021-06-03,283.8500061035156,0.012737288924529855
358,2021-06-04,289.510009765625,0.019940121685413148
359,2021-06-07,291.1499938964844,0.005664688872716539
360,2021-06-08,289.1700134277344,-0.006800551297466151
361,2021-06-09,293.82000732421875,0.016080484422865027
362,2021-06-10,298.1300048828125,0.014668836196160884
363,2021-06-11,299.19000244140625,0.003555487677298297
364,2021-06-14,302.8699951171875,0.0122998517522388
365,2021-06-15,301.7200012207031,-0.0037969885265108916
366,2021-06-16,303.29998779296875,0.005236598720248287
367,2021-06-17,312.6099853515625,0.030695674029992848
368,2021-06-18,318.57000732421875,0.01906536019939864
369,2021-06-21,325.0899963378906,0.020466424533921224
370,2021-06-22,327.19000244140625,0.006459768455418402
371,2021-06-23,321.70001220703125,-0.01677921144720229
372,2021-06-24,311.8099975585937,-0.030742972561881077
373,2021-06-25,311.5400085449219,-0.0008658767062819095
374,2021-06-28,312.44000244140625,0.0028888549521708384
375,2021-06-29,313.2699890136719,0.002656467052170264
376,2021-06-30,312.1099853515625,-0.003702887933062615
377,2021-07-01,312.9100036621094,0.0025632576594616374
378,2021-07-02,317.0199890136719,0.013134720218151319
379,2021-07-06,326.7099914550781,0.030565903656593507
380,2021-07-07,334.5299987792969,0.023935623423668728
381,2021-07-08,325.0400085449219,-0.02836812922310128
382,2021-07-09,324.7699890136719,-0.0008307270617509133
383,2021-07-12,322.1400146484375,-0.008097959953817235
384,2021-07-13,319.1300048828125,-0.009343793471015771
385,2021-07-14,312.29998779296875,-0.02140198973879559
386,2021-07-15,310.19000244140625,-0.006756277406457234
387,2021-07-16,317.9800109863281,0.025113667376798876
388,2021-07-19,314.6199951171875,-0.010566751849332756
389,2021-07-20,323.5899963378906,0.02851058851921362
390,2021-07-21,322.8500061035156,-0.0022868143105460037
391,2021-07-22,323.5400085449219,0.002137222946760664
392,2021-07-23,328.5199890136719,0.01539216275336952
393,2021-07-26,325.0,-0.010714687481392149
394,2021-07-27,321.9599914550781,-0.009353872445913458
395,2021-07-28,323.79998779296875,0.005714984428887737
396,2021-07-29,324.8099975585937,0.0031192396655392862
397,2021-07-30,327.1400146484375,0.007173477132345507
398,2021-08-02,328.3599853515625,0.003729200490609541
399,2021-08-03,326.5199890136719,-0.005603594895768449
400,2021-08-04,331.20001220703125,0.014333037335620524
401,2021-08-05,348.8599853515625,0.053321172988037624
402,2021-08-06,345.8800048828125,-0.008542052954989776
403,2021-08-09,346.6499938964844,0.002226173825609745
404,2021-08-10,332.70001220703125,-0.040242267229402606
405,2021-08-11,319.8800048828125,-0.038533233705567715
406,2021-08-12,322.1700134277344,0.0071589612040954265
407,2021-08-13,321.6499938964844,-0.0016141152483970522
408,2021-08-16,323.92999267578125,0.007088446518144886
409,2021-08-17,328.5599975585937,0.014293226893153266
410,2021-08-18,330.79998779296875,0.006817598767407951
411,2021-08-19,333.3500061035156,0.007708640884662943
412,2021-08-20,348.1099853515625,0.04427772304723887
413,2021-08-23,351.8099975585937,0.010628859736081742
414,2021-08-24,357.6199951171875,0.01651458912172088
415,2021-08-25,358.010009765625,0.0010905840102974906
416,2021-08-26,358.510009765625,0.0013966089951711336
417,2021-08-27,358.5299987792969,5.5755803540780136e-05
418,2021-08-30,360.9599914550781,0.006777655102933489
419,2021-08-31,363.9599914550781,0.008311170409514457
420,2021-09-01,363.2699890136719,-0.0018958194790797966
421,2021-09-02,369.8299865722656,0.018058187455575636
422,2021-09-03,372.6900024414063,0.007733326049757183
423,2021-09-07,376.2000122070313,0.009418041113611109
424,2021-09-08,374.7900085449219,-0.003748015992443565
425,2021-09-09,365.8399963378906,-0.023880071514655987
426,2021-09-10,361.2000122070313,-0.012683096920255266
427,2021-09-13,352.0,-0.025470686312596413
428,2021-09-14,353.5299987792969,0.004346587441184324
429,2021-09-15,355.17999267578125,0.004667196283714592
430,2021-09-16,357.8699951171875,0.007573631670919401
431,2021-09-17,355.0,-0.008019658413239372
432,2021-09-20,347.3800048828125,-0.02146477497799293
433,2021-09-21,344.989990234375,-0.006880115766144224
434,2021-09-22,348.9599914550781,0.011507583793970433
435,2021-09-23,350.6099853515625,0.004728318251053132
436,2021-09-24,350.3599853515625,-0.0007130430120217968
437,2021-09-27,338.4700012207031,-0.03393647855912707
438,2021-09-28,331.2699890136719,-0.02127223145644863
439,2021-09-29,329.510009765625,-0.005312824301673236
440,2021-09-30,325.5199890136719,-0.012108951575677929
441,2021-10-01,323.3299865722656,-0.0067277049499847585
442,2021-10-04,313.8699951171875,-0.029258008375179778
443,2021-10-05,332.4700012207031,0.05926022363676742
444,2021-10-06,337.29998779296875,0.014527586111624302
445,2021-10-07,340.29998779296875,0.008894159823810588
446,2021-10-08,337.1300048828125,-0.009315260134786674
447,2021-10-11,332.1499938964844,-0.014771782143980894
448,2021-10-12,334.1400146484375,0.00599133159271803
449,2021-10-13,336.04998779296875,0.0057160862536647095
450,2021-10-14,345.07000732421875,0.02684130295760334
451,2021-10-15,351.3699951171875,0.018257129449820386
452,2021-10-18,351.0599975585937,-0.0008822539286270636
453,2021-10-19,349.4100036621094,-0.004700033920010838
454,2021-10-20,346.4200134277344,-0.008557254237249623
455,2021-10-21,349.67999267578125,0.00941048184771498
456,2021-10-22,352.17999267578125,0.007149393881159094
457,2021-10-25,354.0199890136719,0.005224590766530479
458,2021-10-26,348.29998779296875,-0.016157283199289108
459,2021-10-27,344.5799865722656,-0.010680451768819266
460,2021-10-28,343.1400146484375,-0.004178919205820253
461,2021-10-29,332.0400085449219,-0.032348329048385915
462,2021-11-01,349.989990234375,0.05405969530031696
463,2021-11-02,349.760009765625,-0.0006571058463585855
464,2021-11-03,358.0199890136719,0.023616133970209674
465,2021-11-04,363.0700073242188,0.014105408819377718
466,2021-11-05,361.7099914550781,-0.003745877769314565
467,2021-11-08,359.75,-0.0054186820972058625
468,2021-11-09,371.3500061035156,0.0322446312814888
469,2021-11-10,355.57000732421875,-0.04249360043068939
470,2021-11-11,356.5899963378906,0.002868602504884077
471,2021-11-12,360.8900146484375,0.012058718289091663
472,2021-11-15,348.3599853515625,-0.034719800460761396
473,2021-11-16,351.739990234375,0.009702620923586869
474,2021-11-17,343.5,-0.023426367382578417
475,2021-11-18,340.20001220703125,-0.009606951362354454
476,2021-11-19,339.989990234375,-0.0006173485159325365
477,2021-11-22,335.32000732421875,-0.013735648237575893
478,2021-11-23,328.17999267578125,-0.021293136384593514
479,2021-11-24,337.7799987792969,0.029252258875512194
480,2021-11-26,325.9800109863281,-0.034933944684743645
481,2021-11-29,319.1199951171875,-0.02104428381477763
482,2021-11-30,314.7799987792969,-0.013599888456681919
483,2021-12-01,305.7099914550781,-0.02881379807926754
484,2021-12-02,312.44000244140625,0.02201436385606992
485,2021-12-03,300.6300048828125,-0.03779924934806822
486,2021-12-06,308.1499938964844,0.02501410002838278
487,2021-12-07,320.7799987792969,0.0409865491902468
488,2021-12-08,324.4100036621094,0.011316182108068507
489,2021-12-09,312.17999267578125,-0.03769924123260493
490,2021-12-10,306.0299987792969,-0.019700153888053684
491,2021-12-13,312.3900146484375,0.02078232818517689
492,2021-12-14,311.2699890136719,-0.003585343904241256
493,2021-12-15,315.4599914550781,0.013460990745311596
494,2021-12-16,310.0,-0.01730803145556936
495,2021-12-17,315.54998779296875,0.017903186428931406
496,2021-12-20,316.2300109863281,0.002155041101777888
497,2021-12-21,332.20001220703125,0.05050121957398135
498,2021-12-22,343.3999938964844,0.03371457338319761
499,2021-12-23,352.2099914550781,0.02565520592656001
500,2021-12-27,357.8299865722656,0.015956376177659548
501,2021-12-28,357.44000244140625,-0.0010898587192066378
502,2021-12-29,361.8399963378906,0.012309741121394602
503,2021-12-30,362.05999755859375,0.0006080069172278435
504,2021-12-31,359.1700134277344,-0.007982058637648004
505,2022-01-03,366.2900085449219,0.01982346758082043
506,2022-01-04,361.5899963378906,-0.012831396154380337
507,2022-01-05,338.20001220703125,-0.06468648017851253
508,2022-01-06,336.44000244140625,-0.005204049976638037
509,2022-01-07,319.2799987792969,-0.0510046472999236
510,2022-01-10,306.79998779296875,-0.03908798244187839
511,2022-01-11,319.1000061035156,0.04009132594505527
512,2022-01-12,315.42999267578125,-0.011501138694882451
513,2022-01-13,306.7900085449219,-0.027391130620036175
514,2022-01-14,301.2200012207031,-0.018155765080606123
515,2022-01-18,292.3800048828125,-0.029347308618505652
516,2022-01-19,302.0199890136719,0.03297073660944472
517,2022-01-20,302.75,0.0024170949370343475
518,2022-01-21,304.57000732421875,0.006011584885941446
519,2022-01-24,311.94000244140625,0.024198033095695015
520,2022-01-25,296.8399963378906,-0.04840676407429334
521,2022-01-26,297.1400146484375,0.0010107071629437137
522,2022-01-27,277.29998779296875,-0.06676995987545653
523,2022-01-28,277.25,-0.00018026612033628098
524,2022-01-31,295.8699951171875,0.0671595856345808
525,2022-02-01,301.3500061035156,0.01852168545903954
526,2022-02-02,307.9599914550781,0.021934578455896636
527,2022-02-03,290.5199890136719,-0.056630740762798726
528,2022-02-04,295.6499938964844,0.017658010039960148
529,2022-02-07,289.8399963378906,-0.01965160723334225
530,2022-02-08,309.0299987792969,0.06620895212486433
531,2022-02-09,315.9200134277344,0.022295617498798936
532,2022-02-10,307.1099853515625,-0.027886894472379242
533,2022-02-11,294.82000732421875,-0.04001816487104726
534,2022-02-14,290.42999267578125,-0.01489049094151107
535,2022-02-15,304.70001220703125,0.04913411111496391
536,2022-02-16,325.4200134277344,0.06800131404860177
537,2022-02-17,307.1099853515625,-0.05626583283341291
538,2022-02-18,298.3800048828125,-0.02842623452557691
539,2022-02-22,296.6400146484375,-0.005831457222002401
540,2022-02-23,290.67999267578125,-0.02009176671501911
541,2022-02-24,306.9200134277344,0.055869069633791124
542,2022-02-25,312.29998779296875,0.017528913494919696
543,2022-02-28,310.739990234375,-0.004995189303778957
544,2022-03-01,313.489990234375,0.008849842590024526
545,2022-03-02,315.8500061035156,0.00752820167360424
546,2022-03-03,311.17999267578125,-0.014785541673232871
547,2022-03-04,313.7200012207031,0.008162505960234823
548,2022-03-07,298.6400146484375,-0.04806829820728198
549,2022-03-08,290.3900146484375,-0.027625233040897035
550,2022-03-09,306.739990234375,0.05630350480794499
551,2022-03-10,305.6199951171875,-0.0036512849737385666
552,2022-03-11,286.7900085449219,-0.0616124169658645
553,2022-03-14,277.54998779296875,-0.032218768006716636
554,2022-03-15,289.6400146484375,0.04355981764440564
555,2022-03-16,294.5299987792969,0.01688297156314822
556,2022-03-17,307.6499938964844,0.04454553074920842
557,2022-03-18,304.3299865722656,-0.010791507850105297
558,2022-03-21,306.739990234375,0.007919047640535748
559,2022-03-22,313.3399963378906,0.021516614441021042
560,2022-03-23,311.0299987792969,-0.007372175865167141
561,2022-03-24,321.4700012207031,0.033565901946372545
562,2022-03-25,318.8800048828125,-0.008056727931240126
563,2022-03-28,321.8099975585937,0.009188386323745634
564,2022-03-29,331.5,0.030110942838691646
565,2022-03-30,328.510009765625,-0.00901957838423828
566,2022-03-31,331.239990234375,0.00831018960639196
567,2022-04-01,338.6400146484375,0.02234037142926626
568,2022-04-04,325.70001220703125,-0.03821167576678741
569,2022-04-05,322.6600036621094,-0.00933376859374968
570,2022-04-06,313.760009765625,-0.027583195299918484
571,2022-04-07,317.5199890136719,0.011983615282443294
572,2022-04-08,314.5299987792969,-0.009416699224710112
573,2022-04-11,299.760009765625,-0.04695891988361933
574,2022-04-12,299.6400146484375,-0.0004003039540908526
575,2022-04-13,304.42999267578125,0.015985775574613337
576,2022-04-14,306.0799865722656,0.0054199452622318844
577,2022-04-18,301.510009765625,-0.01493066194173287
578,2022-04-19,323.4200134277344,0.0726675830070811
579,2022-04-20,325.9800109863281,0.00791539624113513
580,2022-04-21,315.6400146484375,-0.03171972510401655
581,2022-04-22,295.8299865722656,-0.06276145975419645
582,2022-04-25,302.1400146484375,0.021329913675368628
583,2022-04-26,285.8699951171875,-0.05384927100828196
584,2022-04-27,277.1499938964844,-0.030503380451412876
585,2022-04-28,287.2200012207031,0.036334142327204555
586,2022-04-29,286.5799865722656,-0.0022283080764480268
587,2022-05-02,285.7099914550781,-0.0030357846254142062
588,2022-05-03,285.8699951171875,0.0005600212344500921
589,2022-05-04,295.2099914550781,0.032672181402115585
590,2022-05-05,272.25,-0.07777511642444501
591,2022-05-06,257.5400085449219,-0.05403118991764233
592,2022-05-09,234.1000061035156,-0.09101499442296446
593,2022-05-10,237.6300048828125,0.015079020449644931
594,2022-05-11,233.4900054931641,-0.017422039744896978
595,2022-05-12,234.3500061035156,0.003683243779685874
596,2022-05-13,254.16000366210935,0.08453167076020218
597,2022-05-16,253.7899932861328,-0.0014558166928122507
598,2022-05-17,258.2300109863281,0.017494849354400932
599,2022-05-18,240.4600067138672,-0.0688146362407186
600,2022-05-19,238.6499938964844,-0.00752729255113338
601,2022-05-20,235.75,-0.012151661305896733
602,2022-05-23,249.22000122070312,0.05713680263288712
603,2022-05-24,249.19000244140625,-0.00012037067309977889
604,2022-05-25,254.2899932861328,0.020466273906497356
605,2022-05-26,260.9700012207031,0.026269252078094274
606,2022-05-27,266.3399963378906,0.020577059018542343
607,2022-05-31,263.70001220703125,-0.009912082928431709
608,2022-06-01,255.3600006103516,-0.03162689120443385
609,2022-06-02,269.6300048828125,0.05588190882813793
610,2022-06-03,262.25,-0.02737085913720927
611,2022-06-06,260.1000061035156,-0.00819826080642283
612,2022-06-07,268.2300109863281,0.03125722680520382
613,2022-06-08,265.3599853515625,-0.010699867715070477
614,2022-06-09,257.1099853515625,-0.03108984193328912
615,2022-06-10,250.42999267578125,-0.025981070578209087
616,2022-06-13,240.57000732421875,-0.03937222233731286
617,2022-06-14,229.66000366210935,-0.04535063943946216
618,2022-06-15,232.3500061035156,0.011712977438439687
619,2022-06-16,224.72999572753903,-0.03279539563507361
620,2022-06-17,229.7899932861328,0.022515897542793928
621,2022-06-21,232.2700042724609,0.010792510808945499
622,2022-06-22,236.3000030517578,0.01735049169142644
623,2022-06-23,248.6199951171875,0.052137079586626944
624,2022-06-24,255.32000732421875,0.026948806767827183
625,2022-06-27,254.77999877929688,-0.002115026356850014
626,2022-06-28,249.0800018310547,-0.02237223084838702
627,2022-06-29,256.489990234375,0.02974943130258345
628,2022-06-30,247.50999450683597,-0.03501109621990828
629,2022-07-01,254.55999755859372,0.028483710590373912
630,2022-07-05,256.6600036621094,0.0082495526542119
631,2022-07-06,253.3300018310547,-0.012974369919508844
632,2022-07-07,267.32000732421875,0.05522443213217976
633,2022-07-08,267.0,-0.0011970945512904674
634,2022-07-11,262.07000732421875,-0.018464392044124533
635,2022-07-12,256.260009765625,-0.022169639394888585
636,2022-07-13,256.94000244140625,0.002653526300897102
637,2022-07-14,258.8800048828125,0.007550410301909505
638,2022-07-15,268.2300109863281,0.03611714279651723
639,2022-07-18,263.0400085449219,-0.019349074409391043
640,2022-07-19,269.3500061035156,0.0239887368978553
641,2022-07-20,276.1600036621094,0.025283079280779885
642,2022-07-21,284.8099975585937,0.03132239926773717
643,2022-07-22,281.70001220703125,-0.010919509069981403
644,2022-07-25,280.44000244140625,-0.004472877923409446
645,2022-07-26,278.510009765625,-0.006882016327840024
646,2022-07-27,285.17999267578125,0.02394880857520798
647,2022-07-28,292.20001220703125,0.024616101099458998
648,2022-07-29,293.010009765625,0.002772065450907135
649,2022-08-01,291.8999938964844,-0.003788320644842469
650,2022-08-02,293.6300048828125,0.005926724982877607
651,2022-08-03,301.4599914550781,0.026666166406905667
652,2022-08-04,292.239990234375,-0.030584493737295992
653,2022-08-05,291.5,-0.002532132011712429
654,2022-08-08,293.7699890136719,0.007787269343642711
655,2022-08-09,281.7099914550781,-0.04105251730813286
656,2022-08-10,293.3399963378906,0.041283608091930324
657,2022-08-11,290.92999267578125,-0.008215734956692922
658,2022-08-12,293.5899963378906,0.009143105657977824
659,2022-08-15,295.0599975585937,0.00500698674695732
660,2022-08-16,291.1199951171875,-0.01335322467974931
661,2022-08-17,281.82000732421875,-0.03194554805218763
662,2022-08-18,278.17999267578125,-0.012916097345245792
663,2022-08-19,270.67999267578125,-0.026960961239010595
664,2022-08-22,261.3500061035156,-0.034468696707262825
665,2022-08-23,262.2300109863281,0.003367150802605856
666,2022-08-24,268.0400085449219,0.02215611224947356
667,2022-08-25,274.45001220703125,0.023914354043288677
668,2022-08-26,258.1199951171875,-0.05950087944439664
669,2022-08-29,256.9800109863281,-0.004416489045499183
670,2022-08-30,258.6499938964844,0.006498493418793938
671,2022-08-31,259.2799987792969,0.0024357428868320152
672,2022-09-01,259.5299987792969,0.0009642085821390811
673,2022-09-02,261.239990234375,0.006588800767237224
674,2022-09-06,263.8900146484375,0.010144022787954565
675,2022-09-07,268.17999267578125,0.016256689488834963
676,2022-09-08,275.57000732421875,0.027556174398780442
677,2022-09-09,282.2799987792969,0.02434949840961309
678,2022-09-12,279.1600036621094,-0.011052838070992443
679,2022-09-13,266.3900146484375,-0.04574433603005845
680,2022-09-14,264.3299865722656,-0.007733127981131571
681,2022-09-15,263.7200012207031,-0.0023076661088382577
682,2022-09-16,258.6700134277344,-0.01914905115119614
683,2022-09-19,257.8699951171875,-0.0030928142769450773
684,2022-09-20,258.989990234375,0.0043432548896529255
685,2022-09-21,252.80999755859372,-0.02386189779067771
686,2022-09-22,247.25999450683597,-0.021953257803704718
687,2022-09-23,245.52999877929688,-0.006996666529050066
688,2022-09-26,242.4900054931641,-0.012381351774718885
689,2022-09-27,244.3999938964844,0.007876565466836016
690,2022-09-28,250.0500030517578,0.02311787764473716
691,2022-09-29,248.9600067138672,-0.0043591134756555405
692,2022-09-30,245.66000366210935,-0.013255153288739163
693,2022-10-03,255.1499938964844,0.0386305873683368
694,2022-10-04,264.010009765625,0.034724734787707545
695,2022-10-05,264.2550048828125,0.0009279766225720465
696,2022-10-06,267.2099914550781,0.011182329634876975
697,2022-10-07,257.0899963378906,-0.03787281703831358
698,2022-10-10,247.02999877929688,-0.03913025672680004
699,2022-10-11,243.13999938964844,-0.015747072861073352
700,2022-10-12,242.7700042724609,-0.0015217369339324271
701,2022-10-13,258.0799865722656,0.06306373122860065
702,2022-10-14,249.27999877929688,-0.034097908597436444
703,2022-10-17,257.8699951171875,0.03445922809673907
704,2022-10-18,259.1700134277344,0.005041370982134197
705,2022-10-19,253.2400054931641,-0.022880764082777616
706,2022-10-20,252.50999450683597,-0.002882684293528115
707,2022-10-21,256.2200012207031,0.01469251433438501
708,2022-10-24,260.2799987792969,0.0158457479480556
709,2022-10-25,264.2900085449219,0.015406522915444087
710,2022-10-26,268.25,0.01498350799139292
711,2022-10-27,267.5799865722656,-0.0024977201406687355
712,2022-10-28,258.0599975585937,-0.03557810558115437
713,2022-10-31,252.0800018310547,-0.0231728891890004
714,2022-11-01,377.8200073242188,0.4988099197866387
715,2022-11-02,373.510009765625,-0.01140754188513704
716,2022-11-03,373.6300048828125,0.00032126345760530306
717,2022-11-04,373.989990234375,0.0009634808416294494
718,2022-11-07,373.2900085449219,-0.0018716588885560048
719,2022-11-08,374.0,0.0019019835485167835
720,2022-11-09,374.0,0.0
721,2022-11-10,372.7799987792969,-0.0032620353494735577
722,2022-11-11,373.989990234375,0.0032458593782938028
723,2022-11-14,374.1000061035156,0.00029416795105041693
724,2022-11-15,374.2000122070313,0.000267324517198686
725,2022-11-16,374.3999938964844,0.0005344245936111935
726,2022-11-17,376.8599853515625,0.006570490104650606
727,2022-11-18,377.2900085449219,0.0011410688586590556
728,2022-11-21,376.6199951171875,-0.0017758578614853748
729,2022-11-22,378.0,0.0036641837945516897
730,2022-11-23,377.7799987792969,-0.0005820138113838969
731,2022-11-25,378.0799865722656,0.0007940806658321975
732,2022-11-28,377.2300109863281,-0.0022481369448923427
733,2022-11-29,377.3299865722656,0.00026502553621354785
734,2022-11-30,377.7900085449219,0.0012191503167695572
735,2022-12-01,377.4400024414063,-0.0009264567500438803
736,2022-12-02,377.2000122070313,-0.0006358367762363537
737,2022-12-05,378.2200012207031,0.0027041065234960637
738,2022-12-06,377.9500122070313,-0.0007138411844969106
739,2022-12-07,377.7900085449219,-0.00042334609589000927
740,2022-12-08,380.75,0.007835017835645441
741,2022-12-09,380.75,0.0
742,2022-12-12,380.010009765625,-0.0019435068532501765
743,2022-12-13,380.2999877929688,0.0007630799712952108
744,2022-12-14,380.1099853515625,-0.0004996120102684909
745,2022-12-15,380.1600036621094,0.0001315890465245495
746,2022-12-16,381.0,0.0022095863052369324
747,2022-12-19,381.2999877929688,0.000787369535351301
748,2022-12-20,380.7900085449219,-0.001337475122930809
749,2022-12-21,381.0199890136719,0.0006039561532320548
750,2022-12-22,381.0199890136719,0.0
751,2022-12-23,381.0199890136719,0.0
